{
  "castleroom": {
    "position": [
      -17.450000000000113,
      -0.04999999999999971,
      26.750000000000245
    ],
    "rotation_angle": 0.0,
    "scale": [
      29.554891632960846,
      29.554891632960846,
      29.554891632960846
    ],
    "k_diffuse": 0.75,
    "k_specular": 0.05,
    "shininess": 4.0
  },
  "chao": {
    "position": [
      0.05,
      -1.3000000000000005,
      0
    ],
    "rotation_angle": 0.0,
    "scale": [
      100,
      100,
      100
    ],
    "k_diffuse": 0.8,
    "k_specular": 0.0,
    "shininess": 1.0
  },
  "torch1": {
    "position": [
      -31.350000000000314,
      4.799999999999991,
      21.700000000000166
    ],
    "rotation_angle": 89.0,
    "scale": [
      3.1536243640574906,
      3.1536243640574906,
      3.1536243640574906
    ],
    "k_diffuse": 0.1,
    "k_specular": 0.09999999999999998,
    "shininess": 8.0
  },
  "torch2": {
    "position": [
      -31.400000000000308,
      4.699999999999991,
      31.85000000000031
    ],
    "rotation_angle": 90.0,
    "scale": [
      3.4135844322153757,
      3.4135844322153757,
      3.4135844322153757
    ],
    "k_diffuse": 0.1,
    "k_specular": 0.1,
    "shininess": 10.0
  },
  "quadro": {
    "position": [
      -31.250000000000313,
      2.299999999999999,
      26.750000000000238
    ],
    "rotation_angle": 90.0,
    "scale": [
      8.658022738221849,
      8.658022738221849,
      8.658022738221849
    ],
    "k_diffuse": 0.85,
    "k_specular": 0.1,
    "shininess": 32.0
  },
  "toad": {
    "position": [
      -4.150000000000003,
      -0.04999999999999999,
      28.300000000000267
    ],
    "rotation_angle": 223.0,
    "scale": [
      0.019434162034082002,
      0.019434162034082002,
      0.019434162034082002
    ],
    "k_diffuse": 1.0,
    "k_specular": 0.15,
    "shininess": 15.0
  },
  "mario": {
    "position": [
      -25.450000000000227,
      1.6500000000000008,
      26.700000000000323
    ],
    "rotation_angle": 276.0,
    "scale": [
      4.415835455127656,
      4.415835455127656,
      4.415835455127656
    ],
    "k_diffuse": 1.0,
    "k_specular": 0.15,
    "shininess": 15.0
  },
  "porta": {
    "position": [
      -3.25,
      0.0,
      27.0
    ],
    "rotation_angle": 91.0,
    "scale": [
      1.4568111725277988,
      1.4568111725277988,
      1.4568111725277988
    ],
    "k_diffuse": 0.8,
    "k_specular": 0.0,
    "shininess": 1.0
  },
  "pipe1": {
    "position": [
      -41.99999999999999,
      0.0,
      26.75
    ],
    "rotation_angle": 0.0,
    "scale": [
      24.24530510409388,
      24.24530510409388,
      24.24530510409388
    ],
    "k_diffuse": 0.7,
    "k_specular": 0.8,
    "shininess": 80.0
  },
  "pipe2": {
    "position": [
      -43.0,
      5.75,
      8.5
    ],
    "rotation_angle": 355.0,
    "scale": [
      19.499602766762585,
      70.0,
      19.499602766762585
    ],
    "k_diffuse": 0.7,
    "k_specular": 0.8,
    "shininess": 80.0
  },
  "plataforma1": {
    "position": [
      -45.25,
      15.75,
      -17.75
    ],
    "rotation_angle": 0.0,
    "scale": [
      20.69313445291057,
      10.69313445291057,
      20.69313445291057
    ],
    "k_diffuse": 0.8,
    "k_specular": 0.0,
    "shininess": 1.0
  },
  "plataforma2": {
    "position": [
      6.0,
      17.0,
      -20.0
    ],
    "rotation_angle": 0.0,
    "scale": [
      20.69313445291057,
      10.69313445291057,
      20.69313445291057
    ],
    "k_diffuse": 0.8,
    "k_specular": 0.0,
    "shininess": 1.0
  },
  "estrela": {
    "position": [
      8.899999999999999,
      22.45,
      -25.25
    ],
    "rotation_angle": 264.0,
    "scale": [
      1.0,
      1.0,
      1.0
    ],
    "k_diffuse": 0.1,
    "k_specular": 0.1,
    "shininess": 10.0
  },
  "boo1": {
    "position": [
      9.75,
      27.0,
      -33.5
    ],
    "rotation_angle": 332.0,
    "scale": [
      0.17162664512515813,
      0.17162664512515813,
      0.17162664512515813
    ],
    "k_diffuse": 0.9,
    "k_specular": 0.3,
    "shininess": 16.0
  },
  "boo2": {
    "position": [
      -2.25,
      23.5,
      -19.75
    ],
    "rotation_angle": 259.0,
    "scale": [
      0.213396161184588,
      0.213396161184588,
      0.213396161184588
    ],
    "k_diffuse": 0.9,
    "k_specular": 0.3,
    "shininess": 16.0
  },
  "boo3": {
    "position": [
      25.25,
      24.0,
      -27.75
    ],
    "rotation_angle": 268.0,
    "scale": [
      0.24031873714128613,
      0.24031873714128613,
      0.24031873714128613
    ],
    "k_diffuse": 0.9,
    "k_specular": 0.3,
    "shininess": 16.0
  },
  "boo4": {
    "position": [
      -26.25,
      25.75,
      -39.5
    ],
    "rotation_angle": 0.0,
    "scale": [
      0.2929471995954147,
      0.2929471995954147,
      0.2929471995954147
    ],
    "k_diffuse": 0.9,
    "k_specular": 0.3,
    "shininess": 16.0
  },
  "arvore1": {
    "position": [
      -4.95,
      0.0,
      -22.0
    ],
    "rotation_angle": 0.0,
    "scale": [
      1.0,
      1.0,
      1.0
    ],
    "k_diffuse": 0.85,
    "k_specular": 0.0,
    "shininess": 1.0
  },
  "arvore2": {
    "position": [
      -31.5,
      0.5,
      -50.5
    ],
    "rotation_angle": 0.0,
    "scale": [
      13.925886278959517,
      13.925886278959517,
      13.925886278959517
    ],
    "k_diffuse": 0.85,
    "k_specular": 0.0,
    "shininess": 1.0
  },
  "arvore3": {
    "position": [
      11.25,
      0.0,
      17.25
    ],
    "rotation_angle": 343.0,
    "scale": [
      13.925886278959517,
      13.925886278959517,
      13.925886278959517
    ],
    "k_diffuse": 0.85,
    "k_specular": 0.0,
    "shininess": 1.0
  },
  "arvore4": {
    "position": [
      11.0,
      0.0,
      34.75
    ],
    "rotation_angle": 137.0,
    "scale": [
      11.424077133199189,
      11.424077133199189,
      11.424077133199189
    ],
    "k_diffuse": 0.85,
    "k_specular": 0.0,
    "shininess": 1.0
  },
  "arvore5": {
    "position": [
      0.0,
      -1.75,
      -35.25
    ],
    "rotation_angle": 354.0,
    "scale": [
      13.925886278959517,
      13.925886278959517,
      13.925886278959517
    ],
    "k_diffuse": 0.85,
    "k_specular": 0.0,
    "shininess": 1.0
  },
  "arvore6": {
    "position": [
      49.75,
      -3.5,
      -14.25
    ],
    "rotation_angle": 239.0,
    "scale": [
      15.682809782308393,
      15.682809782308393,
      15.682809782308393
    ],
    "k_diffuse": 0.85,
    "k_specular": 0.0,
    "shininess": 1.0
  },
  "arvore7": {
    "position": [
      16.75,
      0.5,
      -40.0
    ],
    "rotation_angle": 126.0,
    "scale": [
      13.925886278959517,
      13.925886278959517,
      13.925886278959517
    ],
    "k_diffuse": 0.85,
    "k_specular": 0.0,
    "shininess": 1.0
  },
  "arvore8": {
    "position": [
      -13.25,
      -2.0,
      6.0
    ],
    "rotation_angle": 239.0,
    "scale": [
      7.389539040617385,
      7.389539040617385,
      7.389539040617385
    ],
    "k_diffuse": 0.85,
    "k_specular": 0.0,
    "shininess": 1.0
  },
  "arvore9": {
    "position": [
      59.75,
      -1.0,
      57.75
    ],
    "rotation_angle": 289.0,
    "scale": [
      21.106997141968804,
      21.106997141968804,
      21.106997141968804
    ],
    "k_diffuse": 0.85,
    "k_specular": 0.0,
    "shininess": 1.0
  },
  "arvore10": {
    "position": [
      24.75,
      0.0,
      -30.0
    ],
    "rotation_angle": 52.0,
    "scale": [
      13.925886278959517,
      13.925886278959517,
      13.925886278959517
    ],
    "k_diffuse": 0.85,
    "k_specular": 0.0,
    "shininess": 1.0
  },
  "arvore11": {
    "position": [
      -59.25,
      -4.75,
      -4.25
    ],
    "rotation_angle": 136.0,
    "scale": [
      10.554081406080162,
      10.554081406080162,
      10.554081406080162
    ],
    "k_diffuse": 0.85,
    "k_specular": 0.0,
    "shininess": 1.0
  },
  "arvore12": {
    "position": [
      -44.5,
      2.25,
      42.75
    ],
    "rotation_angle": 154.0,