{
  "castleroom": {
    "position": [
      -17.450000000000113,
      -0.049999999999999684,
      26.750000000000245
    ],
    "rotation_angle": 0.0,
    "scale": [
      29.55489163296085,
      29.55489163296085,
      29.55489163296085
    ]
  },
  "chao": {
    "position": [
      0.05,
      -1.3000000000000005,
      0
    ],
    "rotation_angle": 0.0,
    "scale": [
      100,
      100,
      100
    ]
  },
  "torch1": {
    "position": [
      -31.350000000000314,
      4.799999999999991,
      21.700000000000166
    ],
    "rotation_angle": 89.0,
    "scale": [
      3.1536243640574906,
      3.1536243640574906,
      3.1536243640574906
    ]
  },
  "torch2": {
    "position": [
      -31.400000000000308,
      4.699999999999991,
      31.85000000000031
    ],
    "rotation_angle": 90.0,
    "scale": [
      3.4135844322153757,
      3.4135844322153757,
      3.4135844322153757
    ]
  },
  "quadro": {
    "position": [
      -31.250000000000313,
      2.299999999999999,
      26.750000000000238
    ],
    "rotation_angle": 90.0,
    "scale": [
      8.658022738221849,
      8.658022738221849,
      8.658022738221849
    ]
  },
  "toad": {
    "position": [
      -4.150000000000003,
      -0.04999999999999999,
      28.300000000000267
    ],
    "rotation_angle": 223.0,
    "scale": [
      0.019434162034082002,
      0.019434162034082002,
      0.019434162034082002
    ]
  },
  "mario": {
    "position": [
      -25.450000000000227,
      1.6500000000000008,
      26.700000000000323
    ],
    "rotation_angle": 276.0,
    "scale": [
      4.415835455127656,
      4.415835455127656,
      4.415835455127656
    ]
  },
  "porta": {
    "position": [
      -3.25,
      0.0,
      27.0
    ],
    "rotation_angle": 91.0,
    "scale": [
      1.4568111725277988,
      1.4568111725277988,
      1.4568111725277988
    ]
  },
  "pipe1": {
    "position": [
      -41.99999999999999,
      0.0,
      26.75
    ],
    "rotation_angle": 0.0,
    "scale": [
      24.24530510409388,
      24.24530510409388,
      24.24530510409388
    ]
  },
  "pipe2": {
    "position": [
      -43.0,
      5.75,
      8.5
    ],
    "rotation_angle": 355.0,
    "scale": [
      19.499602766762585,
      70.0,
      19.499602766762585
    ]
  },
  "plataforma1": {
    "position": [
      -45.25,
      15.75,
      -17.75
    ],
    "rotation_angle": 0.0,
    "scale": [
      20.69313445291057,
      10.69313445291057,
      20.69313445291057
    ]
  },
  "plataforma2": {
    "position": [
      6.0,
      17.0,
      -20.0
    ],
    "rotation_angle": 0.0,
    "scale": [
      20.69313445291057,
      10.69313445291057,
      20.69313445291057
    ]
  },
  "estrela": {
    "position": [
      8.899999999999999,
      22.45,
      -25.25
    ],
    "rotation_angle": 274.0,
    "scale": [
      1.0,
      1.0,
      1.0
    ]
  },
  "boo1": {
    "position": [
      9.75,
      27.0,
      -33.5
    ],
    "rotation_angle": 332.0,
    "scale": [
      0.17162664512515813,
      0.17162664512515813,
      0.17162664512515813
    ]
  },
  "boo2": {
    "position": [
      -2.25,
      23.5,
      -19.75
    ],
    "rotation_angle": 259.0,
    "scale": [
      0.213396161184588,
      0.213396161184588,
      0.213396161184588
    ]
  },
  "boo3": {
    "position": [
      25.25,
      24.0,
      -27.75
    ],
    "rotation_angle": 268.0,
    "scale": [
      0.24031873714128613,
      0.24031873714128613,
      0.24031873714128613
    ]
  },
  "boo4": {
    "position": [
      -26.25,
      25.75,
      -39.5
    ],
    "rotation_angle": 0.0,
    "scale": [
      0.2929471995954147,
      0.2929471995954147,
      0.2929471995954147
    ]
  },
  "coin1": {
    "position": [
      -30.100000000000293,
      1.9500000000000008,
      21.250000000000288
    ],
    "rotation_angle": 203.48343350003776,
    "scale": [
      0.07620398290939402,
      0.07620398290939402,
      0.07620398290939402
    ]
  },
  "coin2": {
    "position": [
      -30.200000000000294,
      1.8500000000000008,
      32.55000000000041
    ],
    "rotation_angle": 92.48343349998856,
    "scale": [
      0.09664507603782348,
      0.09664507603782348,
      0.09664507603782348
    ]
  },
  "coin3": {
    "position": [
      -26.15000000000023,
      1.8500000000000008,
      32.450000000000415
    ],
    "rotation_angle": 69.48343349997626,
    "scale": [
      0.09107081367443844,
      0.09107081367443844,
      0.09107081367443844
    ]
  },
  "coin4": {
    "position": [
      -22.000000000000163,
      1.8000000000000007,
      32.35000000000042
    ],
    "rotation_angle": 44.483433499982524,
    "scale": [
      0.08581806175079568,
      0.08581806175079568,
      0.08581806175079568
    ]
  },
  "coin5": {
    "position": [
      -22.20000000000016,
      1.8000000000000007,
      21.250000000000288
    ],
    "rotation_angle": 173.483433500033,
    "scale": [
      0.07772806256758191,
      0.07772806256758191,
      0.07772806256758191
    ]
  },
  "coin6": {
    "position": [
      -26.150000000000244,
      1.9500000000000008,
      21.250000000000288
    ],
    "rotation_angle": 119.48343350000084,
    "scale": [
      0.07772806256758191,
      0.07772806256758191,
      0.07772806256758191
    ]
  },
  "coin7": {
    "position": [
      11.25,
      21.0,
      -19.25
    ],
    "rotation_angle": 100.13967449999481,
    "scale": [
      0.07772806256758191,
      0.07772806256758191,
      0.07772806256758191
    ]
  },
  "coin8": {
    "position": [
      4.0,
      21.0,
      -19.0
    ],
    "rotation_angle": 100.13967449999481,
    "scale": [
      0.07772806256758191,
      0.07772806256758191,
      0.07772806256758191
    ]
  },
  "coin9": {
    "position": [
      10.25,
      21.25,
      -31.25
    ],
    "rotation_angle": 100.13967449999481,
    "scale": [
      0.07772806256758191,
      0.07772806256758191,
      0.07772806256758191
    ]
  },
  "coin10": {
    "position": [
      5.0,
      21.0,
      -31.5
    ],
    "rotation_angle": 100.13967449999481,
    "scale": [
      0.07772806256758191,
      0.07772806256758191,
      0.07772806256758191
    ]
  },
  "coin11": {
    "position": [
      -43.0,
      13.0,
      0.5
    ],
    "rotation_angle": 100.13967449999481,
    "scale": [
      0.07772806256758191,
      0.07772806256758191,
      0.07772806256758191
    ]
  },
  "coin12": {
    "position": [
      -42.75,
      19.75,
      -30.25
    ],
    "rotation_angle": 100.13967449999481,
    "scale": [
      0.07772806256758191,
      0.07772806256758191,
      0.07772806256758191
    ]
  },
  "coin13": {
    "position": [
      -42.75,
      22.75,
      -30.25
    ],
    "rotation_angle": 96.13967449999598,
    "scale": [
      0.07772806256758191,
      0.07772806256758191,
      0.07772806256758191
    ]
  },
  "coin14": {
    "position": [
      -42.75,
      25.75,
      -30.25
    ],
    "rotation_angle": 100.13967449999481,
    "scale": [
      0.07772806256758191,
      0.07772806256758191,
      0.07772806256758191
    ]
  },
  "coin15": {
    "position": [
      -42.75,
      19.75,
      -13.0
    ],
    "rotation_angle": 100.13967449999481,
    "scale": [
      0.07772806256758191,
      0.07772806256758191,
      0.07772806256758191
    ]
  },
  "coin16": {
    "position": [
      -42.75,
      16.25,
      -6.75
    ],
    "rotation_angle": 98.13967449999689,
    "scale": [
      0.07772806256758191,
      0.07772806256758191,
      0.07772806256758191
    ]
  },
  "arvore1": {
    "position": [
      -4.95,
      0.0,
      -22.0
    ],
    "rotation_angle": 0.0,
    "scale": [
      1.0,
      1.0,
      1.0
    ]
  },
  "arvore2": {
    "position": [
      -31.5,
      0.5,
      -50.5
    ],
    "rotation_angle": 0.0,
    "scale": [
      13.925886278959517,
      13.925886278959517,
      13.925886278959517
    ]
  },
  "arvore3": {
    "position": [
      11.25,
      0.0,
      17.25
    ],
    "rotation_angle": 343.0,